Bob Bill's Boys,Boban  Marjanovic ,FuxEm_Like ARabbott,Giddey Up,Harrisburg Frank,Injured or Suspended,Luka All Those Chickens,Sengun Deez  Nuts
1.0,0.5029365295799720,0.435222387039459,0.5056288951114470,0.5689236105793360,0.37875558661062700,0.5583617747165020,0.44035852082746300
0.4970634704200290,1.0,0.43218098898044,0.5027056635055900,0.5662436773558490,0.3756420581471520,0.5556621047547100,0.4372888088239730
0.5647776129605410,0.56781901101956,1.0,0.5703050327852980,0.6301252009362520,0.44290359058209800,0.619665414245489,0.5059231455719400
0.4943711048885530,0.4972943364944100,0.42969496721470200,1.0,0.5635015689315140,0.37337653613604600,0.5529456774381720,0.4347588473926330
0.4310763894206650,0.4337563226441510,0.3698747990637480,0.4364984310684860,1.0,0.3173334959716630,0.489862217923583,0.37405395099229900
0.6212444133893730,0.6243579418528480,0.5570964094179020,0.626623463863954,0.6826665040283370,1.0,0.6723867962376170,0.5637334350708020
0.4416382252834980,0.4443378952452900,0.38033458575451100,0.44705432256182800,0.510137782076417,0.32761320376238300,1.0,0.38463346156529200
0.5596414791725370,0.5627111911760270,0.49407685442806000,0.5652411526073680,0.6259460490077010,0.4362665649291980,0.6153665384347080,1.0