team1,Bob Bill's Injured Boys,Boban  Marjanovic ,FuxEm_Like ARabbott,Giddey Up,Harrisburg Frank,Injured or Suspended,Luka All Those Chickens,Sengun Deez  Nuts
Bob Bill's Injured Boys,1.0,0.5829576289177425,0.43841244703313303,0.525067994822898,0.6514268556244056,0.47085164951079606,0.633943593353794,0.4873440399524538
Boban  Marjanovic ,0.4170423710822575,1.0,0.35866387690851903,0.44119118749677316,0.5726853350185106,0.3908711974506029,0.5541325408400868,0.40492988216303866
FuxEm_Like ARabbott,0.561587552966867,0.6413361230914809,1.0,0.5863738142260191,0.704431408954725,0.5311420737842891,0.6882720860132129,0.5490166835854533
Giddey Up,0.474932005177102,0.5588088125032269,0.41362618577398097,1.0,0.6291958989062079,0.4464133349305166,0.6112363766430685,0.4622994367080181
Harrisburg Frank,0.34857314437559433,0.42731466498148934,0.29556859104527505,0.37080410109379214,1.0,0.32577676143058976,0.48139902171079924,0.33748506818770413
Injured or Suspended,0.529148350489204,0.609128802549397,0.46885792621571093,0.5535866650694834,0.6742232385694102,1.0,0.6575681385087881,0.5167896364578604
Luka All Those Chickens,0.36605640664620603,0.44586745915991316,0.3117279139867871,0.3887636233569315,0.5186009782892007,0.34243186149121185,1.0,0.35471479505236003
Sengun Deez  Nuts,0.5126559600475462,0.5950701178369613,0.4509833164145467,0.5377005632919819,0.6625149318122958,0.48321036354213964,0.64528520494764,1.0
