team1,Boban  Marjanovic ,FuxEm_Like ARabbott,Harrisburg Frank,Luka All Those Chickens,Poverty Franchise,Siakam Deez  Nuts,St. Joan of Arc CYO Team,The Return of Bob Bill
Boban  Marjanovic ,1.0,0.00625724367190464,0.5008575443614544,0.7507929435134071,0.08639901758415358,0.13502669170571568,0.2029980652262019,0.08932544003915997
FuxEm_Like ARabbott,0.9937427563280954,1.0,0.9873566548249735,0.996399387150427,0.9452246760712989,0.9417753853338637,0.8721901415570531,0.883252228683813
Harrisburg Frank,0.49914245563854565,0.012643345175026504,1.0,0.7214839841109317,0.12927552520401736,0.1722263810868464,0.22112988179479198,0.11849912091588344
Luka All Those Chickens,0.24920705648659297,0.003600612849573079,0.27851601588906827,1.0,0.03891813646639888,0.062014022646317966,0.11214931054623883,0.04256720496384751
Poverty Franchise,0.9136009824158464,0.05477532392870113,0.8707244747959826,0.9610818635336011,1.0,0.5461344339468145,0.5025647060791667,0.39774394026687176
Siakam Deez  Nuts,0.8649733082942843,0.05822461466613631,0.8277736189131536,0.937985977353682,0.4538655660531855,1.0,0.4725599277989032,0.3690546093524182
St. Joan of Arc CYO Team,0.7970019347737981,0.12780985844294693,0.778870118205208,0.8878506894537612,0.49743529392083324,0.5274400722010968,1.0,0.4274006169487815
The Return of Bob Bill,0.91067455996084,0.11674777131618697,0.8815008790841166,0.9574327950361525,0.6022560597331282,0.6309453906475818,0.5725993830512185,1.0
