team1,Bob Bill's Injured Boys,Boban  Marjanovic ,FuxEm_Like ARabbott,Giddey Up,Harrisburg Frank,Injured or Suspended,Luka All Those Chickens,Sengun Deez  Nuts
Bob Bill's Injured Boys,1.0,0.5037436921496745,0.44699655916502823,0.5167990148183685,0.5755334810695312,0.37825628817723844,0.578040537051961,0.4342145156448755
Boban  Marjanovic ,0.49625630785032554,1.0,0.4429651428703748,0.5131481269544096,0.5723292791516051,0.37392209508522334,0.574871598642051,0.4300915487828779
FuxEm_Like ARabbott,0.5530034408349718,0.5570348571296252,1.0,0.5697142809892805,0.6258212337817187,0.4298055287067927,0.6279049973009744,0.4874272236986813
Giddey Up,0.48320098518163146,0.4868518730455904,0.43028571901071955,1.0,0.5594503757170186,0.3621019390925767,0.5620845005404369,0.417464105629638
Harrisburg Frank,0.42446651893046883,0.42767072084839486,0.3741787662182813,0.4405496242829814,1.0,0.31092535539241006,0.5029774725198908,0.3618590677591387
Injured or Suspended,0.6217437118227616,0.6260779049147767,0.5701944712932072,0.6378980609074233,0.6890746446075899,1.0,0.6905502913892347,0.5583106538544789
Luka All Those Chickens,0.42195946294803893,0.42512840135794905,0.3720950026990256,0.4379154994595631,0.4970225274801092,0.30944970861076526,1.0,0.3598820512121107
Sengun Deez  Nuts,0.5657854843551244,0.5699084512171221,0.5125727763013187,0.582535894370362,0.6381409322408613,0.44168934614552113,0.6401179487878893,1.0
